repetition,control,submitted,joined,joined_fraction,success,GLOBAL_QUEUE_LIMIT,MATERIALIZATION_FAILED,TIMEOUT
run-00,distinct-queue,64,0,0.0,18,46,,
run-00,failure,4,3,0.75,,,4,
run-00,same-key,64,63,0.984375,64,,,
run-00,timeout,4,0,0.0,,,,4
run-01,distinct-queue,64,0,0.0,18,46,,
run-01,failure,4,3,0.75,,,4,
run-01,same-key,64,63,0.984375,64,,,
run-01,timeout,4,0,0.0,,,,4
run-02,distinct-queue,64,0,0.0,18,46,,
run-02,failure,4,3,0.75,,,4,
run-02,same-key,64,63,0.984375,64,,,
run-02,timeout,4,0,0.0,,,,4
run-03,distinct-queue,64,0,0.0,18,46,,
run-03,failure,4,3,0.75,,,4,
run-03,same-key,64,63,0.984375,64,,,
run-03,timeout,4,0,0.0,,,,4
run-04,distinct-queue,64,0,0.0,18,46,,
run-04,failure,4,3,0.75,,,4,
run-04,same-key,64,63,0.984375,64,,,
run-04,timeout,4,0,0.0,,,,4
run-05,distinct-queue,64,0,0.0,18,46,,
run-05,failure,4,3,0.75,,,4,
run-05,same-key,64,63,0.984375,64,,,
run-05,timeout,4,0,0.0,,,,4
run-06,distinct-queue,64,0,0.0,18,46,,
run-06,failure,4,3,0.75,,,4,
run-06,same-key,64,63,0.984375,64,,,
run-06,timeout,4,0,0.0,,,,4
run-07,distinct-queue,64,0,0.0,18,46,,
run-07,failure,4,3,0.75,,,4,
run-07,same-key,64,63,0.984375,64,,,
run-07,timeout,4,0,0.0,,,,4
run-08,distinct-queue,64,0,0.0,18,46,,
run-08,failure,4,3,0.75,,,4,
run-08,same-key,64,63,0.984375,64,,,
run-08,timeout,4,0,0.0,,,,4
run-09,distinct-queue,64,0,0.0,18,46,,
run-09,failure,4,3,0.75,,,4,
run-09,same-key,64,63,0.984375,64,,,
run-09,timeout,4,0,0.0,,,,4
