repetition,wall_seconds,cpu_seconds,file_allocated_bytes,file_bytes,file_count,created,objects,payload_bytes,wall_ns
run-00,788.626677651,106.3800591,1121296384,694545763,158681,158681,158681,3174155681,788562965950
run-01,789.562783874,106.1221625,1121296384,694545763,158681,158681,158681,3174155681,789430550048
run-02,788.256866849,106.8219079,1121296384,694545763,158681,158681,158681,3174155681,788163340999
run-03,791.260687148,106.6473659,1121296384,694545763,158681,158681,158681,3174155681,791172680724
run-04,788.460643828,106.4662595,1121296384,694545763,158681,158681,158681,3174155681,788398386365
run-05,789.914435048,106.407486,1121296384,694545763,158681,158681,158681,3174155681,789845082114
run-06,647.678068438,103.4766135,1121296384,694545763,158681,158681,158681,3174155681,647619085246
run-07,778.913006295,106.2120174,1121296384,694545763,158681,158681,158681,3174155681,778825203413
run-08,790.79474828,106.2410655,1121296384,694545763,158681,158681,158681,3174155681,790712393614
run-09,795.111679706,109.1884574,1121296384,694545763,158681,158681,158681,3174155681,795010874997
