repetition,workload,scale,origin_cpu_seconds_per_1000_difference,delivered_fraction_difference
run-00,unique-crawl,512,-4.68278515625,0.0
run-00,alias-flood,512,-6.9025722656249995,0.0
run-00,ref-update,256,-1.94521875,0.0
run-00,repeat-burst,32,-6.885812499999999,0.0
run-00,large-plain,256,-6.86640625,0.0
run-00,alias-flood,128,-6.86546875,0.0
run-00,repeat-burst,512,-6.95968359375,0.0
run-00,human-mix,256,-4.38375,-0.025000000000000022
run-00,comparisons,256,-1232.8835625,-0.5625
run-00,unique-crawl,32,-4.479125,0.0
run-00,unique-crawl,128,-4.6642578125,0.0
run-00,repeat-burst,128,-6.961343749999999,0.0
run-00,alias-flood,32,-6.947937499999999,0.0
run-00,session-churn,256,-4.762390625,0.0
run-01,session-churn,256,-4.75725,0.0
run-01,repeat-burst,32,-6.81259375,0.0
run-01,ref-update,256,-1.9684062500000001,0.0
run-01,unique-crawl,128,-4.667515624999999,0.0
run-01,comparisons,256,-1230.9150312499999,-0.5625
run-01,unique-crawl,512,-4.7455117187499996,0.0
run-01,unique-crawl,32,-4.8989375,0.0
run-01,human-mix,256,-5.231975,-0.050000000000000044
run-01,alias-flood,512,-6.895802734375,0.0
run-01,large-plain,256,-6.58403125,0.0
run-01,alias-flood,32,-6.919437499999999,0.0
run-01,alias-flood,128,-6.793296874999999,0.0
run-01,repeat-burst,512,-6.870421874999999,0.0
run-01,repeat-burst,128,-6.9446953124999995,0.0
run-02,repeat-burst,32,-6.9144375,0.0
run-02,human-mix,256,-5.2077,-0.09999999999999998
run-02,unique-crawl,32,-4.75078125,0.0
run-02,alias-flood,128,-6.8651640625,0.0
run-02,comparisons,256,-1231.441828125,-0.5625
run-02,repeat-burst,128,-6.936890625,0.0
run-02,unique-crawl,128,-4.5330234375,0.0
run-02,alias-flood,512,-6.917736328125,0.0
run-02,ref-update,256,-1.9443437499999998,0.0
run-02,unique-crawl,512,-4.76461328125,0.0
run-02,large-plain,256,-7.416531249999999,0.0
run-02,alias-flood,32,-6.790406249999999,0.0
run-02,session-churn,256,-4.673046875,0.0
run-02,repeat-burst,512,-6.870714843749999,0.0
run-03,session-churn,256,-4.68446875,0.0
run-03,unique-crawl,512,-4.705876953124999,0.0
run-03,repeat-burst,32,-6.834437499999999,0.0
run-03,unique-crawl,128,-4.816554687499999,0.0
run-03,large-plain,256,-6.59728125,0.0
run-03,ref-update,256,-1.9501562499999998,0.0
run-03,repeat-burst,512,-6.893291015625,0.0
run-03,comparisons,256,-1227.981015625,-0.5625
run-03,alias-flood,128,-6.830546875,0.0
run-03,repeat-burst,128,-6.8362890625,0.0
run-03,human-mix,256,-5.649649999999999,-0.025000000000000022
run-03,alias-flood,32,-6.7500937500000004,0.0
run-03,unique-crawl,32,-4.737374999999999,0.0
run-03,alias-flood,512,-6.961083984375,0.0
run-04,unique-crawl,128,-4.6418984375,0.0
run-04,repeat-burst,128,-6.9667578125,0.0
run-04,comparisons,256,-1226.706625,-0.5625
run-04,unique-crawl,32,-4.2882187499999995,0.0
run-04,unique-crawl,512,-4.737513671875,0.0
run-04,alias-flood,32,-6.832,0.0
run-04,alias-flood,512,-6.929599609375,0.0
run-04,human-mix,256,-5.58775,-0.050000000000000044
run-04,large-plain,256,-6.735468749999999,0.0
run-04,alias-flood,128,-6.9443203124999995,0.0
run-04,session-churn,256,-4.645687499999999,0.0
run-04,repeat-burst,512,-7.06424609375,0.0
run-04,ref-update,256,-1.97646875,0.0
run-04,repeat-burst,32,-6.92928125,0.0
run-05,alias-flood,128,-6.882140625,0.0
run-05,comparisons,256,-1238.7531875,-0.5625
run-05,human-mix,256,-4.98065,0.0
run-05,repeat-burst,32,-6.9820312499999995,0.0
run-05,repeat-burst,512,-6.90842578125,0.0
run-05,ref-update,256,-1.949875,0.0
run-05,large-plain,256,-6.8594375,0.0
run-05,unique-crawl,512,-4.752498046874999,0.0
run-05,alias-flood,32,-6.8774999999999995,0.0
run-05,alias-flood,512,-6.929304687499999,0.0
run-05,unique-crawl,32,-4.43446875,0.0
run-05,unique-crawl,128,-4.80396875,0.0
run-05,repeat-burst,128,-6.834484375,0.0
run-05,session-churn,256,-4.569101562499999,0.0
run-06,large-plain,256,-6.6845,0.0
run-06,repeat-burst,128,-6.7798828124999995,0.0
run-06,comparisons,256,-1232.96346875,-0.5625
run-06,unique-crawl,512,-4.735525390625,0.0
run-06,repeat-burst,32,-6.875406249999999,0.0
run-06,ref-update,256,-1.9487187499999998,0.0
run-06,alias-flood,128,-6.7776875,0.0
run-06,session-churn,256,-4.54284375,0.0
run-06,repeat-burst,512,-6.88213671875,0.0
run-06,alias-flood,32,-6.708625,0.0
run-06,unique-crawl,32,-4.98578125,0.0
run-06,human-mix,256,-5.880625,-0.07499999999999996
run-06,unique-crawl,128,-5.0762578125,0.0
run-06,alias-flood,512,-6.936955078124999,0.0
run-07,comparisons,256,-1247.21228125,-0.5625
run-07,human-mix,256,-4.4453000000000005,-0.050000000000000044
run-07,alias-flood,512,-6.920066406249999,0.0
run-07,alias-flood,32,-6.95815625,0.0
run-07,repeat-burst,512,-6.914453125,0.0
run-07,unique-crawl,128,-4.6526875,0.0
run-07,unique-crawl,32,-4.593812499999999,0.0
run-07,session-churn,256,-4.7973203125,0.0
run-07,ref-update,256,-1.9772812499999999,0.0
run-07,alias-flood,128,-7.160609375,0.0
run-07,large-plain,256,-6.4496875,0.0
run-07,repeat-burst,32,-6.5586875,0.0
run-07,unique-crawl,512,-4.817294921875,0.0
run-07,repeat-burst,128,-6.869210937499999,0.0
run-08,large-plain,256,-6.562937499999999,0.0
run-08,unique-crawl,32,-5.29490625,0.0
run-08,alias-flood,128,-6.9251015625,0.0
run-08,repeat-burst,128,-6.8374999999999995,0.0
run-08,unique-crawl,512,-4.68715234375,0.0
run-08,unique-crawl,128,-4.8395,0.0
run-08,repeat-burst,512,-6.929419921875,0.0
run-08,session-churn,256,-4.611703125,0.0
run-08,human-mix,256,-4.9641,-0.050000000000000044
run-08,alias-flood,32,-6.74346875,0.0
run-08,repeat-burst,32,-6.60959375,0.0
run-08,alias-flood,512,-6.9379140625,0.0
run-08,comparisons,256,-1246.251640625,-0.5625
run-08,ref-update,256,-1.92928125,0.0
run-09,repeat-burst,32,-6.7811875,0.0
run-09,alias-flood,32,-6.8874375,0.0
run-09,alias-flood,128,-6.9561874999999995,0.0
run-09,large-plain,256,-6.850812499999999,0.0
run-09,session-churn,256,-4.6147578125,0.0
run-09,alias-flood,512,-6.9414140625,0.0
run-09,unique-crawl,32,-4.918375,0.0
run-09,repeat-burst,128,-6.924421874999999,0.0
run-09,repeat-burst,512,-7.0293671875,0.0
run-09,human-mix,256,-5.2211,-0.050000000000000044
run-09,ref-update,256,-1.9327812500000001,0.0
run-09,unique-crawl,128,-4.558859375,0.0
run-09,comparisons,256,-1241.665703125,-0.5625
run-09,unique-crawl,512,-4.699251953125,0.0
