repetition,cell,phase,wall_seconds,server_cpu_seconds,origin_cpu_seconds,origin_executions,failures,joined
run-00,000-n256-ref-update-nginx-warm,preparation,0.024019537,0.023023000000000002,0.002402,1,0,0
run-00,001-n256-comparisons-nginx-warm,preparation,17.705345385,22.244615999999997,17.151671,16,0,0
run-00,005-n512-unique-crawl-bounded-warm,preparation,24.6572349,18.3981069,3.0743989999999997,512,0,0
run-00,006-n256-large-plain-nginx-warm,preparation,0.038502723,0.0392643,0.0073019999999999995,1,0,0
run-00,007-n512-alias-flood-bounded-warm,preparation,0.307809372,0.3912958999999999,0.041316,4,0,0
run-00,010-n512-alias-flood-nginx-warm,preparation,0.109752686,0.1100317,0.025182,4,0,0
run-00,011-n256-ref-update-bounded-warm,update-preparation,0.058711768,0.05299670000000001,0.001832,1,0,0
run-00,011-n256-ref-update-bounded-warm,preparation,0.12694506,0.18733149999999998,0.0019379999999999998,1,0,0
run-00,015-n32-repeat-burst-bounded-warm,preparation,0.317109203,0.3938037999999999,0.042505,4,0,0
run-00,018-n256-large-plain-bounded-warm,preparation,0.187346356,0.2724164,0.007383,1,0,0
run-00,024-n128-alias-flood-bounded-warm,preparation,0.321741353,0.38313849999999994,0.042175,4,0,0
run-00,033-n32-repeat-burst-nginx-warm,preparation,0.10536004,0.10485360000000002,0.025057,4,0,0
run-00,037-n128-alias-flood-nginx-warm,preparation,0.106523536,0.10652110000000001,0.025712,4,0,0
run-00,042-n256-session-churn-nginx-warm,preparation,0.791218723,0.7843415,0.138602,32,0,0
run-00,047-n512-repeat-burst-bounded-warm,preparation,0.345478014,0.42615100000000006,0.042276999999999995,4,0,0
run-00,051-n256-human-mix-bounded-warm,preparation,0.900073281,0.89106,0.099038,15,0,0
run-00,052-n512-unique-crawl-nginx-warm,preparation,12.449998306,12.3835171,2.196806,512,0,0
run-00,060-n256-human-mix-nginx-warm,preparation,0.469809597,0.4645403,0.087112,19,0,0
run-00,062-n256-comparisons-bounded-warm,preparation,0.031025274,0.058401999999999954,0,0,0,0
run-00,066-n512-repeat-burst-nginx-warm,preparation,0.105201657,0.1054174,0.025495999999999998,4,0,0
run-00,072-n32-unique-crawl-bounded-warm,preparation,1.749040824,1.5496678000000002,0.195455,32,0,0
run-00,073-n128-unique-crawl-nginx-warm,preparation,3.101405696,3.0695849,0.5398229999999999,128,0,0
run-00,076-n128-repeat-burst-nginx-warm,preparation,0.104652287,0.104351,0.024729,4,0,0
run-00,082-n128-unique-crawl-bounded-warm,preparation,6.549400107,5.0435469,0.773531,128,0,0
run-00,087-n128-repeat-burst-bounded-warm,preparation,0.32657731,0.4205833,0.042384,4,0,0
run-00,090-n32-alias-flood-bounded-warm,preparation,0.339601205,0.40053099999999986,0.044471,4,0,0
run-00,094-n256-session-churn-bounded-warm,preparation,1.749583061,1.5521790999999998,0.20552299999999998,32,0,0
run-00,095-n32-unique-crawl-nginx-warm,preparation,0.766520857,0.7634713,0.130021,32,0,0
run-00,106-n32-alias-flood-nginx-warm,preparation,0.105403374,0.10486079999999999,0.025033,4,0,0
run-01,001-n256-session-churn-bounded-warm,preparation,1.74058807,1.5524447000000001,0.20291599999999999,32,0,0
run-01,007-n256-session-churn-nginx-warm,preparation,0.784316419,0.7803058,0.13760999999999998,32,0,0
run-01,013-n32-repeat-burst-bounded-warm,preparation,0.328142259,0.42020370000000007,0.042537,4,0,0
run-01,018-n256-ref-update-bounded-warm,update-preparation,0.050781114,0.05116080000000012,0.001983,1,0,0
run-01,018-n256-ref-update-bounded-warm,preparation,0.132692699,0.20270600000000005,0.0020659999999999997,1,0,0
run-01,023-n512-unique-crawl-nginx-warm,preparation,12.487180119,12.4136088,2.197574,512,0,0
run-01,025-n128-unique-crawl-bounded-warm,preparation,6.515293169,5.0889543,0.7522789999999999,128,0,0
run-01,032-n128-alias-flood-nginx-warm,preparation,0.109683911,0.10850409999999999,0.025736,4,0,0
run-01,034-n256-comparisons-bounded-warm,preparation,0.029404882,0.0503517,0,0,0,0
run-01,037-n512-alias-flood-nginx-warm,preparation,0.105333065,0.1048809,0.025276999999999997,4,0,0
run-01,039-n512-unique-crawl-bounded-warm,preparation,24.802072068,18.2492592,3.060873,512,0,0
run-01,042-n32-unique-crawl-bounded-warm,preparation,1.71869496,1.5922823,0.196383,32,0,0
run-01,045-n256-human-mix-bounded-warm,preparation,1.051718592,1.0550891,0.13247299999999998,17,0,0
run-01,063-n512-alias-flood-bounded-warm,preparation,0.32914352,0.4231535999999999,0.04196999999999999,4,0,0
run-01,069-n256-large-plain-bounded-warm,preparation,0.20128851,0.30430369999999995,0.008010999999999999,1,0,0
run-01,072-n512-repeat-burst-nginx-warm,preparation,0.106505793,0.1063818,0.025192,4,0,0
run-01,074-n32-alias-flood-bounded-warm,preparation,0.337231567,0.4268624,0.043275999999999995,4,0,0
run-01,081-n32-alias-flood-nginx-warm,preparation,0.117221412,0.11690829999999999,0.02725,4,0,0
run-01,083-n128-alias-flood-bounded-warm,preparation,0.319285904,0.39196209999999987,0.042559,4,0,0
run-01,088-n32-repeat-burst-nginx-warm,preparation,0.108710737,0.1088636,0.025626999999999997,4,0,0
run-01,089-n256-ref-update-nginx-warm,preparation,0.02275351,0.022023999999999995,0.0021,1,0,0
run-01,091-n32-unique-crawl-nginx-warm,preparation,0.782289127,0.7747056,0.142471,32,0,0
run-01,098-n128-repeat-burst-nginx-warm,preparation,0.106951343,0.10691439999999999,0.025480999999999997,4,0,0
run-01,099-n128-unique-crawl-nginx-warm,preparation,3.08371657,3.0636825,0.540692,128,0,0
run-01,100-n512-repeat-burst-bounded-warm,preparation,0.327827429,0.3912536000000001,0.042228999999999996,4,0,0
run-01,101-n128-repeat-burst-bounded-warm,preparation,0.313545263,0.3790508,0.040972,4,0,0
run-01,103-n256-comparisons-nginx-warm,preparation,17.725801906,22.235653199999998,17.161842,16,0,0
run-01,104-n256-large-plain-nginx-warm,preparation,0.040804266,0.0425614,0.008653,1,0,0
run-01,109-n256-human-mix-nginx-warm,preparation,0.538739097,0.5364742,0.10857399999999999,21,0,0
run-02,001-n32-repeat-burst-bounded-warm,preparation,0.296247278,0.36705540000000003,0.041303,4,0,0
run-02,002-n256-human-mix-bounded-warm,preparation,0.925458719,0.9120374,0.10468599999999999,15,0,0
run-02,003-n32-unique-crawl-nginx-warm,preparation,0.773271466,0.7631869,0.138215,32,0,0
run-02,006-n128-repeat-burst-nginx-warm,preparation,0.106320756,0.1060068,0.024998,4,0,0
run-02,010-n32-unique-crawl-bounded-warm,preparation,1.807304108,1.5888761000000002,0.193155,32,0,0
run-02,013-n256-session-churn-nginx-warm,preparation,0.775111473,0.7676691999999999,0.134484,32,0,0
run-02,014-n128-unique-crawl-nginx-warm,preparation,3.168636957,3.1427931,0.5446059999999999,128,0,0
run-02,019-n128-alias-flood-bounded-warm,preparation,0.314499115,0.39492589999999994,0.041734,4,0,0
run-02,023-n32-alias-flood-nginx-warm,preparation,0.105441345,0.1054695,0.025305,4,0,0
run-02,024-n512-alias-flood-nginx-warm,preparation,0.10701936,0.1064299,0.025379,4,0,0
run-02,028-n256-comparisons-bounded-warm,preparation,0.029324904,0.05142480000000005,0,0,0,0
run-02,032-n512-repeat-burst-nginx-warm,preparation,0.106887781,0.1064136,0.025318,4,0,0
run-02,037-n256-ref-update-nginx-warm,preparation,0.02568534,0.024809899999999996,0.002338,1,0,0
run-02,039-n128-repeat-burst-bounded-warm,preparation,0.347237496,0.4292891,0.043041,4,0,0
run-02,051-n128-unique-crawl-bounded-warm,preparation,6.541786809,5.097544399999999,0.7595639999999999,128,0,0
run-02,052-n512-alias-flood-bounded-warm,preparation,0.321785963,0.4035668,0.042879,4,0,0
run-02,063-n256-ref-update-bounded-warm,update-preparation,0.049214058,0.04166320000000012,0.0020310000000000003,1,0,0
run-02,063-n256-ref-update-bounded-warm,preparation,0.135702597,0.19657199999999997,0.002021,1,0,0
run-02,065-n512-unique-crawl-bounded-warm,preparation,25.079899646,18.484351699999998,3.076209,512,0,0
run-02,070-n256-human-mix-nginx-warm,preparation,0.464351054,0.46149369999999995,0.091889,18,0,0
run-02,071-n256-large-plain-bounded-warm,preparation,0.206108136,0.3070514,0.007678,1,0,0
run-02,080-n32-alias-flood-bounded-warm,preparation,0.310275693,0.41047900000000004,0.04228,4,0,0
run-02,085-n256-large-plain-nginx-warm,preparation,0.037790092,0.0384299,0.00671,1,0,0
run-02,086-n512-unique-crawl-nginx-warm,preparation,12.359955762,12.2836357,2.188942,512,0,0
run-02,088-n32-repeat-burst-nginx-warm,preparation,0.106232492,0.10555189999999999,0.025026,4,0,0
run-02,089-n256-session-churn-bounded-warm,preparation,1.796557084,1.5486513999999998,0.201426,32,0,0
run-02,103-n512-repeat-burst-bounded-warm,preparation,0.321349321,0.38134290000000004,0.04246899999999999,4,0,0
run-02,109-n128-alias-flood-nginx-warm,preparation,0.10686316,0.1069639,0.025774,4,0,0
run-02,111-n256-comparisons-nginx-warm,preparation,18.026386198,22.6396184,17.440043,16,0,0
run-03,002-n256-large-plain-nginx-warm,preparation,0.03787913,0.038811099999999994,0.007091999999999999,1,0,0
run-03,007-n256-session-churn-bounded-warm,preparation,1.736832311,1.5569891999999999,0.20213499999999998,32,0,0
run-03,008-n256-comparisons-nginx-warm,preparation,17.806057059,22.335825,17.212838,16,0,0
run-03,011-n256-session-churn-nginx-warm,preparation,0.773102291,0.7677186,0.13539099999999998,32,0,0
run-03,014-n32-alias-flood-nginx-warm,preparation,0.106823282,0.10638919999999999,0.025272,4,0,0
run-03,021-n32-unique-crawl-nginx-warm,preparation,0.799157456,0.7764917,0.14142,32,0,0
run-03,030-n512-unique-crawl-nginx-warm,preparation,12.383722797,12.2739217,2.188008,512,0,0
run-03,034-n512-unique-crawl-bounded-warm,preparation,25.105740459,18.623859,3.099811,512,0,0
run-03,036-n32-repeat-burst-bounded-warm,preparation,0.326935219,0.40099780000000007,0.042443999999999996,4,0,0
run-03,040-n128-unique-crawl-bounded-warm,preparation,6.430030308,5.1211717,0.780723,128,0,0
run-03,041-n256-human-mix-nginx-warm,preparation,0.55246152,0.5371068,0.10782399999999999,21,0,0
run-03,045-n256-large-plain-bounded-warm,preparation,0.199714339,0.27936130000000003,0.007639,1,0,0
run-03,050-n512-repeat-burst-nginx-warm,preparation,0.107090721,0.10689790000000002,0.025037,4,0,0
run-03,053-n256-ref-update-bounded-warm,update-preparation,0.05020804,0.03786669999999992,0.0019130000000000002,1,0,0
run-03,053-n256-ref-update-bounded-warm,preparation,0.135380782,0.20060960000000005,0.0018579999999999998,1,0,0
run-03,056-n512-repeat-burst-bounded-warm,preparation,0.312456989,0.3861252999999999,0.042338,4,0,0
run-03,058-n256-comparisons-bounded-warm,preparation,0.031603421,0.054923900000000025,0,0,0,0
run-03,072-n128-alias-flood-bounded-warm,preparation,0.311129223,0.36651710000000015,0.042116,4,0,0
run-03,074-n128-repeat-burst-bounded-warm,preparation,0.333552399,0.415438,0.041559,4,0,0
run-03,078-n256-human-mix-bounded-warm,preparation,1.042255327,1.0033205,0.13034199999999999,17,0,0
run-03,084-n128-unique-crawl-nginx-warm,preparation,3.110681434,3.0779216000000003,0.552356,128,0,0
run-03,085-n32-alias-flood-bounded-warm,preparation,0.329132788,0.43295799999999995,0.042324999999999995,4,0,0
run-03,091-n128-alias-flood-nginx-warm,preparation,0.105053087,0.10481789999999999,0.025138999999999998,4,0,0
run-03,093-n256-ref-update-nginx-warm,preparation,0.023104786,0.022253000000000002,0.0022719999999999997,1,0,0
run-03,100-n128-repeat-burst-nginx-warm,preparation,0.107132086,0.1074597,0.025453,4,0,0
run-03,102-n32-unique-crawl-bounded-warm,preparation,1.760165746,1.5767562,0.20394299999999999,32,0,0
run-03,106-n32-repeat-burst-nginx-warm,preparation,0.107124461,0.10704459999999999,0.025529,4,0,0
run-03,108-n512-alias-flood-bounded-warm,preparation,0.317423781,0.39847749999999993,0.04184,4,0,0
run-03,110-n512-alias-flood-nginx-warm,preparation,0.105916057,0.1057497,0.024707,4,0,0
run-04,000-n32-alias-flood-nginx-warm,preparation,0.106913813,0.1065141,0.025363,4,0,0
run-04,011-n128-unique-crawl-bounded-warm,preparation,6.562393151,5.148609199999999,0.742101,128,0,0
run-04,022-n128-repeat-burst-bounded-warm,preparation,0.349259911,0.44819849999999994,0.042223,4,0,0
run-04,023-n256-comparisons-bounded-warm,preparation,0.037118941,0.05973059999999997,0,0,0,0
run-04,025-n256-human-mix-nginx-warm,preparation,0.48577949,0.4847060000000001,0.096646,19,0,0
run-04,030-n32-unique-crawl-bounded-warm,preparation,1.71496565,1.5631692999999998,0.17566299999999999,32,0,0
run-04,037-n256-large-plain-nginx-warm,preparation,0.037707652,0.0386503,0.006775,1,0,0
run-04,038-n512-alias-flood-nginx-warm,preparation,0.113777677,0.1134346,0.026497,4,0,0
run-04,043-n512-unique-crawl-bounded-warm,preparation,25.323312118,18.7405722,3.0990699999999998,512,0,0
run-04,048-n32-alias-flood-bounded-warm,preparation,0.338239221,0.43863889999999994,0.042123999999999995,4,0,0
run-04,051-n512-unique-crawl-nginx-warm,preparation,12.491896943,12.4032738,2.206426,512,0,0
run-04,054-n512-alias-flood-bounded-warm,preparation,0.31563399,0.3811698,0.042035,4,0,0
run-04,056-n256-ref-update-nginx-warm,preparation,0.023296321,0.022295499999999996,0.002219,1,0,0
run-04,068-n128-repeat-burst-nginx-warm,preparation,0.104840093,0.10490549999999998,0.024849,4,0,0
run-04,071-n256-session-churn-nginx-warm,preparation,0.785482375,0.7790406,0.13833099999999998,32,0,0
run-04,072-n32-repeat-burst-nginx-warm,preparation,0.115209925,0.11533480000000002,0.027469999999999998,4,0,0
run-04,076-n256-human-mix-bounded-warm,preparation,0.914320225,0.8892366,0.11794199999999999,15,0,0
run-04,080-n256-comparisons-nginx-warm,preparation,17.858338238,22.4095357,17.251544,16,0,0
run-04,082-n256-large-plain-bounded-warm,preparation,0.186434289,0.2678642,0.006469,1,0,0
run-04,083-n128-alias-flood-bounded-warm,preparation,0.335312082,0.42451130000000004,0.042983,4,0,0
run-04,084-n256-session-churn-bounded-warm,preparation,1.734664138,1.5235811,0.20005699999999998,32,0,0
run-04,087-n512-repeat-burst-bounded-warm,preparation,0.340969848,0.4173405,0.042795,4,0,0
run-04,096-n512-repeat-burst-nginx-warm,preparation,0.106012397,0.10583089999999999,0.025268,4,0,0
run-04,097-n256-ref-update-bounded-warm,update-preparation,0.053493042,0.047529399999999944,0.001914,1,0,0
run-04,097-n256-ref-update-bounded-warm,preparation,0.127843122,0.17866270000000006,0.0022719999999999997,1,0,0
run-04,099-n128-alias-flood-nginx-warm,preparation,0.107690308,0.1076796,0.025556,4,0,0
run-04,106-n128-unique-crawl-nginx-warm,preparation,3.122746335,3.0917231999999997,0.531322,128,0,0
run-04,107-n32-repeat-burst-bounded-warm,preparation,0.325095297,0.3987111,0.043365,4,0,0
run-04,111-n32-unique-crawl-nginx-warm,preparation,0.769984333,0.7651938,0.127972,32,0,0
run-05,002-n128-alias-flood-bounded-warm,preparation,0.324218036,0.38446289999999994,0.041804999999999995,4,0,0
run-05,004-n256-human-mix-nginx-warm,preparation,0.522152632,0.5215722,0.100891,20,0,0
run-05,006-n256-comparisons-bounded-warm,preparation,0.043811013,0.08642749999999999,0,0,0,0
run-05,008-n256-human-mix-bounded-warm,preparation,1.028389777,0.9877971,0.131022,17,0,0
run-05,009-n32-repeat-burst-bounded-warm,preparation,0.359132659,0.44718250000000004,0.042121,4,0,0
run-05,013-n256-session-churn-nginx-warm,preparation,0.778480709,0.7737473,0.136789,32,0,0
run-05,019-n32-alias-flood-nginx-warm,preparation,0.105626199,0.1059285,0.025092999999999997,4,0,0
run-05,020-n512-unique-crawl-nginx-warm,preparation,12.339840651,12.2440756,2.1811119999999997,512,0,0
run-05,023-n256-ref-update-nginx-warm,preparation,0.023466404,0.022881000000000006,0.002446,1,0,0
run-05,024-n32-unique-crawl-nginx-warm,preparation,0.762222231,0.754641,0.12836799999999998,32,0,0
run-05,026-n512-repeat-burst-bounded-warm,preparation,0.334603029,0.4402421000000001,0.042184,4,0,0
run-05,028-n256-ref-update-bounded-warm,update-preparation,0.053106895,0.049818700000000105,0.0019840000000000005,1,0,0
run-05,028-n256-ref-update-bounded-warm,preparation,0.13094862,0.194824,0.002051,1,0,0
run-05,033-n256-large-plain-bounded-warm,preparation,0.187950414,0.2761021,0.007253,1,0,0
run-05,035-n256-large-plain-nginx-warm,preparation,0.038515526,0.0390331,0.007187,1,0,0
run-05,041-n512-unique-crawl-bounded-warm,preparation,25.187993368,18.792772799999998,3.105183,512,0,0
run-05,046-n128-repeat-burst-nginx-warm,preparation,0.107027257,0.1067745,0.025276,4,0,0
run-05,050-n32-repeat-burst-nginx-warm,preparation,0.108437177,0.1084087,0.025882,4,0,0
run-05,051-n256-comparisons-nginx-warm,preparation,17.699149592,22.231377400000003,17.138472,16,0,0
run-05,056-n32-alias-flood-bounded-warm,preparation,0.314242849,0.36180369999999995,0.041935,4,0,0
run-05,063-n128-alias-flood-nginx-warm,preparation,0.105690171,0.10509649999999998,0.025374999999999998,4,0,0
run-05,078-n512-alias-flood-bounded-warm,preparation,0.325831055,0.4051983,0.042086,4,0,0
run-05,080-n32-unique-crawl-bounded-warm,preparation,1.722478465,1.5357190000000003,0.181475,32,0,0
run-05,083-n128-unique-crawl-bounded-warm,preparation,7.394061067,5.1018354,0.792376,128,0,0
run-05,085-n512-alias-flood-nginx-warm,preparation,0.107116313,0.10683390000000001,0.025081,4,0,0
run-05,098-n128-repeat-burst-bounded-warm,preparation,0.333320905,0.4017767000000001,0.04223,4,0,0
run-05,100-n512-repeat-burst-nginx-warm,preparation,0.108783651,0.10880859999999999,0.025348,4,0,0
run-05,105-n128-unique-crawl-nginx-warm,preparation,3.119237894,3.0937551,0.563763,128,0,0
run-05,107-n256-session-churn-bounded-warm,preparation,1.756422971,1.5707486,0.202455,32,0,0
run-06,001-n128-repeat-burst-nginx-warm,preparation,0.112239121,0.11178350000000001,0.025854,4,0,0
run-06,005-n256-large-plain-bounded-warm,preparation,0.186349805,0.2893546,0.007401,1,0,0
run-06,009-n128-repeat-burst-bounded-warm,preparation,0.324218177,0.38742750000000004,0.041822,4,0,0
run-06,014-n32-unique-crawl-nginx-warm,preparation,0.776493451,0.7729782,0.140816,32,0,0
run-06,015-n256-comparisons-nginx-warm,preparation,17.889301524,22.449726300000002,17.306209,16,0,0
run-06,017-n256-comparisons-bounded-warm,preparation,0.036537922,0.06297419999999998,0,0,0,0
run-06,022-n512-unique-crawl-bounded-warm,preparation,24.807810145,18.3291852,3.0696399999999997,512,0,0
run-06,027-n32-alias-flood-nginx-warm,preparation,0.108968935,0.1091017,0.025266999999999998,4,0,0
run-06,036-n256-session-churn-nginx-warm,preparation,0.799615154,0.7895129,0.136524,32,0,0
run-06,039-n128-alias-flood-nginx-warm,preparation,0.106004176,0.1057144,0.025195,4,0,0
run-06,043-n32-repeat-burst-bounded-warm,preparation,0.334280974,0.40336859999999997,0.043341,4,0,0
run-06,048-n512-alias-flood-nginx-warm,preparation,0.108917482,0.1079828,0.025691,4,0,0
run-06,053-n256-ref-update-bounded-warm,update-preparation,0.052035964,0.04313850000000019,0.0020749999999999996,1,0,0
run-06,053-n256-ref-update-bounded-warm,preparation,0.122881332,0.1910740999999999,0.002103,1,0,0
run-06,058-n128-alias-flood-bounded-warm,preparation,0.351467798,0.44679179999999996,0.04226,4,0,0
run-06,065-n256-session-churn-bounded-warm,preparation,1.776335751,1.5279065,0.19613799999999998,32,0,0
run-06,066-n512-repeat-burst-bounded-warm,preparation,0.349216874,0.4326799,0.041569,4,0,0
run-06,070-n32-alias-flood-bounded-warm,preparation,0.323661587,0.39837920000000004,0.043123999999999996,4,0,0
run-06,071-n32-repeat-burst-nginx-warm,preparation,0.104704038,0.1041985,0.025426,4,0,0
run-06,075-n32-unique-crawl-bounded-warm,preparation,1.76104168,1.5872599000000003,0.200401,32,0,0
run-06,082-n256-ref-update-nginx-warm,preparation,0.022780666,0.0219938,0.0022099999999999997,1,0,0
run-06,085-n256-human-mix-bounded-warm,preparation,0.785389757,0.7911476,0.096589,13,0,0
run-06,090-n128-unique-crawl-bounded-warm,preparation,6.514201954,5.101222300000001,0.829062,128,0,0
run-06,095-n512-alias-flood-bounded-warm,preparation,0.353307706,0.4566745,0.043501,4,0,0
run-06,096-n512-repeat-burst-nginx-warm,preparation,0.106249221,0.1057053,0.024727,4,0,0
run-06,097-n128-unique-crawl-nginx-warm,preparation,3.155243773,3.1325091,0.595725,128,0,0
run-06,103-n512-unique-crawl-nginx-warm,preparation,12.507119831,12.4147748,2.1989639999999997,512,0,0
run-06,106-n256-human-mix-nginx-warm,preparation,0.427012264,0.4225001,0.084007,17,0,0
run-06,108-n256-large-plain-nginx-warm,preparation,0.039767426,0.039768599999999994,0.006882,1,0,0
run-07,001-n256-session-churn-nginx-warm,preparation,0.779142441,0.7730809,0.135747,32,0,0
run-07,006-n32-repeat-burst-nginx-warm,preparation,0.107238327,0.1067978,0.025632,4,0,0
run-07,015-n256-large-plain-nginx-warm,preparation,0.039458992,0.0401439,0.007613999999999999,1,0,0
run-07,016-n32-alias-flood-nginx-warm,preparation,0.107379228,0.10699449999999999,0.025446999999999997,4,0,0
run-07,018-n256-comparisons-bounded-warm,preparation,0.028345123,0.04519799999999996,0,0,0,0
run-07,020-n512-unique-crawl-nginx-warm,preparation,12.433184486,12.338654,2.187996,512,0,0
run-07,021-n256-ref-update-nginx-warm,preparation,0.023340985,0.022123799999999992,0.002278,1,0,0
run-07,024-n256-human-mix-bounded-warm,preparation,0.77152541,0.7540457,0.085688,13,0,0
run-07,027-n32-unique-crawl-nginx-warm,preparation,0.775246608,0.7665038000000001,0.135438,32,0,0
run-07,030-n128-repeat-burst-nginx-warm,preparation,0.106627261,0.10607269999999999,0.024987999999999996,4,0,0
run-07,033-n512-alias-flood-bounded-warm,preparation,0.339070425,0.4261329999999999,0.042853,4,0,0
run-07,039-n32-alias-flood-bounded-warm,preparation,0.337242709,0.4240236999999999,0.042022,4,0,0
run-07,040-n512-repeat-burst-nginx-warm,preparation,0.10697608,0.10663489999999999,0.024904,4,0,0
run-07,041-n512-repeat-burst-bounded-warm,preparation,0.337072364,0.4131646000000001,0.04297,4,0,0
run-07,042-n128-unique-crawl-bounded-warm,preparation,6.391672446,5.185764900000001,0.774628,128,0,0
run-07,047-n256-comparisons-nginx-warm,preparation,17.559392312,21.9624388,16.984842999999998,16,0,0
run-07,061-n128-unique-crawl-nginx-warm,preparation,3.087113839,3.0618263,0.542024,128,0,0
run-07,062-n512-alias-flood-nginx-warm,preparation,0.106300911,0.10631650000000001,0.025528,4,0,0
run-07,071-n32-unique-crawl-bounded-warm,preparation,1.692696193,1.5429776,0.19522399999999998,32,0,0
run-07,083-n256-session-churn-bounded-warm,preparation,1.799801389,1.6094477000000003,0.198413,32,0,0
run-07,085-n256-ref-update-bounded-warm,update-preparation,0.053796593,0.04535420000000001,0.0019549999999999997,1,0,0
run-07,085-n256-ref-update-bounded-warm,preparation,0.123757801,0.1706044,0.00195,1,0,0
run-07,088-n128-alias-flood-bounded-warm,preparation,0.337452173,0.4153750999999999,0.042656,4,0,0
run-07,093-n256-large-plain-bounded-warm,preparation,0.196837243,0.27755930000000006,0.006625,1,0,0
run-07,097-n256-human-mix-nginx-warm,preparation,0.427209847,0.4225562,0.08026599999999999,17,0,0
run-07,099-n128-alias-flood-nginx-warm,preparation,0.106626614,0.10653420000000001,0.025641999999999998,4,0,0
run-07,102-n32-repeat-burst-bounded-warm,preparation,0.313497984,0.38698180000000004,0.04137999999999999,4,0,0
run-07,106-n512-unique-crawl-bounded-warm,preparation,25.16367064,18.721712099999998,3.094931,512,0,0
run-07,108-n128-repeat-burst-bounded-warm,preparation,0.328708109,0.40317900000000007,0.042912,4,0,0
run-08,005-n256-large-plain-bounded-warm,preparation,0.190662841,0.28616659999999994,0.007196999999999999,1,0,0
run-08,006-n32-unique-crawl-bounded-warm,preparation,1.798022446,1.5842506999999997,0.22567299999999998,32,0,0
run-08,008-n256-ref-update-nginx-warm,preparation,0.023729609,0.022739300000000004,0.002252,1,0,0
run-08,011-n128-alias-flood-bounded-warm,preparation,0.335961439,0.4268987000000001,0.042155,4,0,0
run-08,015-n128-repeat-burst-nginx-warm,preparation,0.105005216,0.10471459999999999,0.024405,4,0,0
run-08,019-n128-repeat-burst-bounded-warm,preparation,0.331667972,0.3866428999999999,0.042279,4,0,0
run-08,020-n512-unique-crawl-bounded-warm,preparation,25.032275562,18.7715663,3.10045,512,0,0
run-08,026-n128-unique-crawl-nginx-warm,preparation,3.216098609,3.1968451,0.577705,128,0,0
run-08,028-n128-unique-crawl-bounded-warm,preparation,6.501320659,5.1493231999999995,0.7922049999999999,128,0,0
run-08,031-n512-repeat-burst-bounded-warm,preparation,0.334636859,0.40420370000000005,0.043438,4,0,0
run-08,034-n256-comparisons-nginx-warm,preparation,17.740801396,22.274690900000003,17.169618,16,0,0
run-08,036-n256-session-churn-bounded-warm,preparation,1.74881661,1.5874063,0.20296899999999998,32,0,0
run-08,037-n512-alias-flood-nginx-warm,preparation,0.104951988,0.10452319999999998,0.025016999999999998,4,0,0
run-08,038-n256-human-mix-bounded-warm,preparation,0.883207556,0.9087771000000001,0.11742699999999999,14,0,0
run-08,049-n32-alias-flood-bounded-warm,preparation,0.331295528,0.4263091000000001,0.042104,4,0,0
run-08,055-n256-session-churn-nginx-warm,preparation,0.804840702,0.7987043,0.138093,32,0,0
run-08,057-n32-repeat-burst-bounded-warm,preparation,0.337599914,0.4388099,0.041873,4,0,0
run-08,060-n512-alias-flood-bounded-warm,preparation,0.330561933,0.43024280000000004,0.042575,4,0,0
run-08,062-n256-comparisons-bounded-warm,preparation,0.055788126,0.08524739999999997,0,0,0,0
run-08,063-n32-repeat-burst-nginx-warm,preparation,0.108811664,0.1086829,0.025724,4,0,0
run-08,064-n512-unique-crawl-nginx-warm,preparation,12.479819169,12.402032,2.198022,512,0,0
run-08,070-n256-human-mix-nginx-warm,preparation,0.449809017,0.4471815,0.091128,18,0,0
run-08,072-n128-alias-flood-nginx-warm,preparation,0.106854123,0.1059242,0.024953,4,0,0
run-08,093-n256-large-plain-nginx-warm,preparation,0.042244644,0.043702899999999996,0.007298,1,0,0
run-08,098-n32-unique-crawl-nginx-warm,preparation,0.798004669,0.7899904,0.157272,32,0,0
run-08,104-n256-ref-update-bounded-warm,update-preparation,0.06154404,0.053057700000000096,0.0020829999999999998,1,0,0
run-08,104-n256-ref-update-bounded-warm,preparation,0.145622592,0.21118100000000006,0.002175,1,0,0
run-08,105-n32-alias-flood-nginx-warm,preparation,0.111390758,0.11147390000000001,0.026239,4,0,0
run-08,109-n512-repeat-burst-nginx-warm,preparation,0.113057141,0.1133237,0.026106,4,0,0
run-09,004-n32-repeat-burst-bounded-warm,preparation,0.34312548,0.424427,0.043516,4,0,0
run-09,007-n32-unique-crawl-nginx-warm,preparation,0.787282726,0.7800479,0.146055,32,0,0
run-09,014-n32-alias-flood-bounded-warm,preparation,0.315242377,0.3874192999999999,0.042034999999999996,4,0,0
run-09,016-n128-repeat-burst-nginx-warm,preparation,0.106447421,0.10605360000000001,0.025120999999999997,4,0,0
run-09,021-n128-alias-flood-bounded-warm,preparation,0.327302967,0.41865600000000003,0.043474,4,0,0
run-09,023-n512-repeat-burst-nginx-warm,preparation,0.10553228,0.1052814,0.025005,4,0,0
run-09,024-n256-large-plain-bounded-warm,preparation,0.199510044,0.2925188000000001,0.008147999999999999,1,0,0
run-09,026-n512-alias-flood-nginx-warm,preparation,0.105292505,0.10473489999999999,0.025005,4,0,0
run-09,034-n256-session-churn-bounded-warm,preparation,1.714876046,1.5482594,0.201375,32,0,0
run-09,040-n32-alias-flood-nginx-warm,preparation,0.106073913,0.10596810000000001,0.025115,4,0,0
run-09,050-n512-alias-flood-bounded-warm,preparation,0.314658088,0.3856782999999999,0.042556,4,0,0
run-09,056-n32-unique-crawl-bounded-warm,preparation,1.727258955,1.5554156000000001,0.208415,32,0,0
run-09,058-n512-unique-crawl-nginx-warm,preparation,12.488908665,12.3857949,2.201235,512,0,0
run-09,064-n256-ref-update-nginx-warm,preparation,0.023212718,0.0224759,0.002352,1,0,0
run-09,067-n256-session-churn-nginx-warm,preparation,0.777447514,0.7760615,0.13694599999999998,32,0,0
run-09,071-n128-repeat-burst-bounded-warm,preparation,0.318449344,0.3920747,0.043411,4,0,0
run-09,076-n256-human-mix-nginx-warm,preparation,0.464897323,0.462533,0.08896599999999999,18,0,0
run-09,077-n256-large-plain-nginx-warm,preparation,0.037781115,0.038354400000000004,0.006703,1,0,0
run-09,080-n32-repeat-burst-nginx-warm,preparation,0.120490567,0.12041940000000001,0.027115999999999998,4,0,0
run-09,081-n128-alias-flood-nginx-warm,preparation,0.108819542,0.10831429999999999,0.025161,4,0,0
run-09,082-n256-comparisons-nginx-warm,preparation,17.714989123,22.2534212,17.14224,16,0,0
run-09,083-n128-unique-crawl-nginx-warm,preparation,3.151370679,3.1319053,0.545288,128,0,0
run-09,088-n512-repeat-burst-bounded-warm,preparation,0.333132081,0.4220248,0.04271,4,0,0
run-09,091-n256-human-mix-bounded-warm,preparation,0.899855424,0.884779,0.100616,14,0,0
run-09,093-n256-ref-update-bounded-warm,update-preparation,0.050435022,0.049565700000000046,0.001902,1,0,0
run-09,093-n256-ref-update-bounded-warm,preparation,0.12698934,0.18469140000000006,0.002123,1,0,0
run-09,095-n128-unique-crawl-bounded-warm,preparation,6.566522002,5.1647828,0.763679,128,0,0
run-09,102-n256-comparisons-bounded-warm,preparation,0.027309913,0.05881400000000003,0,0,0,0
run-09,107-n512-unique-crawl-bounded-warm,preparation,25.000751841,18.654830699999998,3.091885,512,0,0
